Australia East (Sydney)	ap-sydney-1	Sydney, Australia	SYD	OC1	1
Australia Southeast (Melbourne)	ap-melbourne-1	Melbourne, Australia	MEL	OC1	1
Brazil East (Sao Paulo)	sa-saopaulo-1	Sao Paulo, Brazil	GRU	OC1	1
Canada Southeast (Montreal)	ca-montreal-1	Montreal, Canada	YUL	OC1	1
Canada Southeast (Toronto)	ca-toronto-1	Toronto, Canada	YYZ	OC1	1
Chile (Santiago)	sa-santiago-1	Santiago, Chile	SCL	OC1	1
Germany Central (Frankfurt)	eu-frankfurt-1	Frankfurt, Germany	FRA	OC1	3
India South (Hyderabad)	ap-hyderabad-1	Hyderabad, India	HYD	OC1	1
India West (Mumbai)	ap-mumbai-1	Mumbai, India	BOM	OC1	1
Japan Central (Osaka)	ap-osaka-1	Osaka, Japan	KIX	OC1	1
Japan East (Tokyo)	ap-tokyo-1	Tokyo, Japan	NRT	OC1	1
Netherlands Northwest (Amsterdam)	eu-amsterdam-1	Amsterdam, Netherlands	AMS	OC1	1
Saudi Arabia West (Jeddah)	me-jeddah-1	Jeddah, Saudi Arabia	JED	OC1	1
South Korea Central (Seoul)	ap-seoul-1	Seoul, South Korea	ICN	OC1	1
South Korea North (Chuncheon)	ap-chuncheon-1	Chuncheon, South Korea	YNY	OC1	1
Switzerland North (Zurich)	eu-zurich-1	Zurich, Switzerland	ZRH	OC1	1
UAE East (Dubai)	me-dubai-1	Dubai, UAE	DXB	OC1	1
UK South (London)	uk-london-1	London, United Kingdom	LHR	OC1	3
UK West (Newport)	uk-cardiff-1	Newport, United Kingdom	CWL	OC1	1
US East (Ashburn)	us-ashburn-1	Ashburn, VA	IAD	OC1	3
US West (Phoenix)	us-phoenix-1	Phoenix, AZ	PHX	OC1	3
US West (San Jose)	us-sanjose-1	San Jose, CA	SJC	OC1	1
